DDG	PDB	MUTATION	CHAIN
-0.1	1PY6.pdb	E9A	A
-1.8	1PY6.pdb	L13A	A
-0.6	1PY6.pdb	A39P	A
-2	1PY6.pdb	F42A	A
-2.1	1PY6.pdb	Y43A	A
-1.7	1PY6.pdb	Y43F	A
0.1	1PY6.pdb	Y43P	A
-1	1PY6.pdb	M60A	A
-0.1	1PY6.pdb	Y79F	A
-1.7	1PY6.pdb	Y83A	A
-1	1PY6.pdb	Y83F	A
-3.2	1PY6.pdb	L100A	A
-0.9	1PY6.pdb	T170A	A
1	1PY6.pdb	W189F	A
0.1	1PY6.pdb	S193A	A
-1.85	1PY6.pdb	E204A	A
-0.9	1PY6.pdb	S226A	A
-2.05	2XOV.pdb	T97A	A
-0.68	2XOV.pdb	M111A	A
-0.81	2XOV.pdb	Q112A	A
-0.47	2XOV.pdb	M120A	A
-0.88	2XOV.pdb	R137A	A
-1.12	2XOV.pdb	H141A	A
-0.14	2XOV.pdb	L143A	A
-0.42	2XOV.pdb	M144A	A
-1.71	2XOV.pdb	H145A	A
-0.8	2XOV.pdb	H150A	A
-5.46	2XOV.pdb	E166A	A
-1.08	2XOV.pdb	L169A	A
-0.75	2XOV.pdb	G170A	A
0.1	2XOV.pdb	S171A	A
-0.76	2XOV.pdb	K173A	A
-1.88	2XOV.pdb	L174A	A
-1.2	2XOV.pdb	G194V	A
-0.93	2XOV.pdb	F197A	A
-0.64	2XOV.pdb	G198V	A
-1.2	2XOV.pdb	G199V	A
-1.65	2XOV.pdb	G199A	A
-0.07	2XOV.pdb	R214A	A
-0.8	2XOV.pdb	G215V	A
-1.42	2XOV.pdb	D218A	A
-0.88	2XOV.pdb	W241A	A
-0.19	2XOV.pdb	M247A	A
-1.43	2XOV.pdb	A253V	A
-1.41	2XOV.pdb	S269V	A
-0.6	3GP6.pdb	D24N	A
-1.2	3GP6.pdb	S58A	A
-0.7	3GP6.pdb	E90A	A
-1.5	3GP6.pdb	R94A	A
0.3	1PY6.pdb	K30M	A
-0.3	1PY6.pdb	K40A	A
-1	1PY6.pdb	K40P	A
-1.4	1PY6.pdb	K41A	A
-0.6	1PY6.pdb	K41P	A
0.3	1PY6.pdb	L58A	A
-0.1	1PY6.pdb	S59A	A
0.7	1PY6.pdb	L61A	A
0.5	1PY6.pdb	L62A	A
-0.49	2XOV.pdb	P95A	A
-0.4	2XOV.pdb	E134A	A
-0.51	2XOV.pdb	W136A	A
-2.07	2XOV.pdb	Y138F	A
-0.59	2XOV.pdb	F146A	A
-1.2	2XOV.pdb	S147A	A
0.85	2XOV.pdb	R168A	A
-0.17	2XOV.pdb	Q190A	A
0.46	2XOV.pdb	P219A	A
-0.69	2XOV.pdb	S221A	A
-0.25	2XOV.pdb	Q226A	A
-0.51	2XOV.pdb	D243A	A
-1.1	2XOV.pdb	D268A	A
-2.4	1QD6.pdb	Y214A	C
1.2	1QD6.pdb	Y214L	C
-0.6	1QD6.pdb	Y214R	C
-1	3GP6.pdb	W17A	A
-0.9	3GP6.pdb	Y23A	A
-0.4	3GP6.pdb	W51A	A
-0.6	3GP6.pdb	Y153A	A
-2.8	1PY6.pdb	M20A	A
0.6	1PY6.pdb	T24A	A
-0.2	1PY6.pdb	T24S	A
0.3	1PY6.pdb	T24V	A
-2.1	1PY6.pdb	F27A	A
-2.2	1PY6.pdb	T46A	A
-1.1	1PY6.pdb	T46P	A
-0.1	1PY6.pdb	T46S	A
-1.1	1PY6.pdb	T47A	A
-0.9	1PY6.pdb	T47P	A
-0.3	1PY6.pdb	V49A	A
0.6	1PY6.pdb	P50A	A
-3.7	1PY6.pdb	Y57A	A
-1.3	1PY6.pdb	T90A	A
-3.1	1PY6.pdb	L94A	A
-1.5	1PY6.pdb	D96A	A
-2.9	1PY6.pdb	L97A	A
-1.7	1PY6.pdb	L111A	A
0.5	1PY6.pdb	D115A	A
-2.3	1PY6.pdb	I148A	A
-0.2	1PY6.pdb	I148V	A
-1.9	1PY6.pdb	L152A	A
-1.1	1PY6.pdb	F171A	A
-1.8	1PY6.pdb	L174A	A
-4.2	1PY6.pdb	Y185A	A
-0.4	1PY6.pdb	Y185F	A
-0.9	1PY6.pdb	P186A	A
-1.2	1PY6.pdb	D212A	A
-1.67	2XOV.pdb	M100A	A
-0.93	2XOV.pdb	C104A	A
-0.89	2XOV.pdb	C104V	A
-1.5	2XOV.pdb	N154A	A
-1.03	2XOV.pdb	L155A	A
-0.02	2XOV.pdb	W158F	A
-3.07	2XOV.pdb	G162V	A
-2.17	2XOV.pdb	I177A	A
-0.95	2XOV.pdb	T178A	A
-0.83	2XOV.pdb	L200A	A
-0.27	2XOV.pdb	S201A	A
-0.73	2XOV.pdb	G202A	A
-1.55	2XOV.pdb	V203A	A
-0.58	2XOV.pdb	Y205A	A
-1.05	2XOV.pdb	A206G	A
-0.92	2XOV.pdb	L207A	A
-0.57	2XOV.pdb	G209V	A
-1.65	2XOV.pdb	Y210F	A
-0.46	2XOV.pdb	W236G	A
-2.49	2XOV.pdb	G257V	A
-4.68	2XOV.pdb	G261V	A
-1.4	3GP6.pdb	Y87F	A
-0.5	1PY6.pdb	A44P	A
-1.9	1PY6.pdb	I45A	A
-0.1	1PY6.pdb	L48A	A
-2.4	1PY6.pdb	A51P	A
-1.5	1PY6.pdb	I52A	A
-0.4	1PY6.pdb	F54A	A
-0.1	1PY6.pdb	T55A	A
1.6	1PY6.pdb	M56A	A
-1.3	1PY6.pdb	P91A	A
-1.12	2XOV.pdb	F139A	A
-0.615	2XOV.pdb	T140A	A
-0.682	2XOV.pdb	F153A	A
-0.54	2XOV.pdb	Y160F	A
-0.37	2XOV.pdb	L179A	A
-0.43	2XOV.pdb	I180A	A
0.41	2XOV.pdb	L184A	A
0.2	2XOV.pdb	L229A	A
2.2	1QD6.pdb	L120A	C
-2.4	1QD6.pdb	L120R	C
1.2	1QD6.pdb	A164L	C
-0.8	1QD6.pdb	A164R	C
-0.5	1QD6.pdb	A210C	C
-3	1QD6.pdb	A210D	C
-1.6	1QD6.pdb	A210E	C
2.2	1QD6.pdb	A210F	C
-1.7	1QD6.pdb	A210G	C
-4.8	1QD6.pdb	A210H	C
1.6	1QD6.pdb	A210I	C
-5.4	1QD6.pdb	A210K	C
1.8	1QD6.pdb	A210L	C
0.8	1QD6.pdb	A210M	C
-3.5	1QD6.pdb	A210N	C
1.5	1QD6.pdb	A210P	C
-3	1QD6.pdb	A210Q	C
-3.7	1QD6.pdb	A210R	C
-1.8	1QD6.pdb	A210S	C
-1.8	1QD6.pdb	A210T	C
0.8	1QD6.pdb	A210V	C
0.4	1QD6.pdb	A210W	C
1.1	1QD6.pdb	A210Y	C
1.8	1QD6.pdb	A223L	C
-2.1	1QD6.pdb	A223R	C
-1	3GP6.pdb	F55A	A
-0.9	3GP6.pdb	A85G	A
-0.8	3GP6.pdb	L105A	A
-0.8	3GP6.pdb	M157A	A
-0.3	3GP6.pdb	M72A	A
-0.4	3GP6.pdb	T108A	A
-2.1	3GP6.pdb	S130A	A
-0.5	3GP6.pdb	T137A	A
-1	3GP6.pdb	Q139A	A
0.2	3GP6.pdb	Q160A	A
-0.3	1PY6.pdb	S35A	A
-0.9	1PY6.pdb	D36A	A
-0.2	1PY6.pdb	P37A	A
-0.5	1PY6.pdb	D38A	A
0.6	1QD6.pdb	G212A	C
2.6	1QD6.pdb	G212L	C
-3.1	1QD6.pdb	G212R	C