PDB	MUTATION	CHAIN	CLASS
1AFO.pdb	A65P	A	Benign
1AFO.pdb	Q63K	A	Benign
1P49.pdb	G380R	A	Pathogenic
1P49.pdb	Q560P	A	Pathogenic
1P49.pdb	S341L	A	Pathogenic
1P49.pdb	W372R	A	Pathogenic
1P49.pdb	W372S	A	Pathogenic
1ZZA.pdb	G90S	A	Benign
1ZZA.pdb	V19I	A	Benign
2HYN.pdb	R9L	A	Pathogenic
2K21.pdb	D76N	A	Pathogenic
2K21.pdb	D85N	A	Benign
2K21.pdb	G52A	A	Benign
2K21.pdb	L51H	A	Pathogenic
2K21.pdb	P127T	A	Pathogenic
2K21.pdb	R98W	A	Pathogenic
2K21.pdb	S74L	A	Pathogenic
2K21.pdb	T7I	A	Pathogenic
2K21.pdb	V109I	A	Pathogenic
2K21.pdb	V47F	A	Pathogenic
2K21.pdb	W87R	A	Pathogenic
2KS9.pdb	Y192H	A	Benign
2L6W.pdb	R37C	A	Pathogenic
2LNL.pdb	A306T	A	Benign
2LNL.pdb	M31R	A	Benign
2LNL.pdb	R71C	A	Benign
2LNL.pdb	S276T	A	Benign
2LOO.pdb	C37R	A	Benign
2LOQ.pdb	G35S	A	Benign
2LOS.pdb	F108L	A	Benign
2LOS.pdb	H112D	A	Benign
2LOS.pdb	N109I	A	Benign
2LOS.pdb	S106R	A	Benign
2LZ3.pdb	L29P	A	Pathogenic
2LZ3.pdb	T20A	A	Pathogenic
2LZ3.pdb	T20I	A	Pathogenic
2LZ3.pdb	V21M	A	Pathogenic
2LZ3.pdb	V23F	A	Pathogenic
2LZ3.pdb	V23G	A	Pathogenic
2LZ3.pdb	V23I	A	Pathogenic
2LZL.pdb	A391E	A	Pathogenic
2LZL.pdb	F384L	A	Benign
2LZL.pdb	G370C	A	Pathogenic
2LZL.pdb	G375C	A	Pathogenic
2LZL.pdb	S371C	A	Pathogenic
2LZL.pdb	Y373C	A	Pathogenic
2M0Q.pdb	A66V	A	Benign
2M0Q.pdb	F60L	A	Pathogenic
2M0Q.pdb	I57T	A	Pathogenic
2M0Q.pdb	M54T	A	Pathogenic
2M0Q.pdb	Q9E	A	Pathogenic
2M0Q.pdb	R27C	A	Pathogenic
2M0Q.pdb	R77W	A	Pathogenic
2M0Q.pdb	T8A	A	Benign
2M0Q.pdb	V65M	A	Pathogenic
2M6I.pdb	R422H	A	Pathogenic
2MKV.pdb	G39R	A	Pathogenic
2N90.pdb	R36Q	A	Benign
2NA7.pdb	I184V	A	Benign
2NDJ.pdb	P39R	A	Benign
2NDJ.pdb	R99H	A	Benign
2NDJ.pdb	T4A	A	Benign
2RH1.pdb	I159F	A	Benign
2RH1.pdb	I159L	A	Benign
2RH1.pdb	S220C	A	Benign
2RH1.pdb	T164I	A	Benign
2RH1.pdb	V34M	A	Benign
2Z5Y.pdb	C266F	A	Pathogenic
2Z5Y.pdb	E188K	A	Benign
2Z5Y.pdb	F314V	A	Benign
2Z5Y.pdb	K520R	A	Benign
3D9S.pdb	A38E	A	Pathogenic
3D9S.pdb	I177F	A	Pathogenic
3D9S.pdb	N123D	A	Pathogenic
3HD6.pdb	R202C	A	Benign
3PCV.pdb	R142Q	A	Benign
3V2Y.pdb	A115T	A	Benign
3VW7.pdb	A268P	A	Benign
3VW7.pdb	A335V	A	Benign
3VW7.pdb	S166G	A	Benign
3VW7.pdb	V257L	A	Benign
3VW7.pdb	Y187N	A	Benign
3ZDQ.pdb	D545N	A	Benign
3ZDQ.pdb	R242G	A	Benign
4BW5.pdb	K75Q	A	Benign
4COF.pdb	D95N	A	Pathogenic
4COF.pdb	G7R	A	Pathogenic
4COF.pdb	L231Q	A	Pathogenic
4COF.pdb	Q148L	A	Benign
4COF.pdb	Q224K	A	Pathogenic
4COF.pdb	R192H	A	Benign
4COF.pdb	Y157F	A	Pathogenic
4CSK.pdb	A45V	A	Benign
4CSK.pdb	G165D	A	Benign
4CSK.pdb	P38L	A	Benign
4IAR.pdb	E374K	A	Benign
4IAR.pdb	F124C	A	Benign
4IAR.pdb	F219L	A	Benign
4IAR.pdb	I367V	A	Benign
4IB4.pdb	F173L	A	Benign
4JKV.pdb	D473H	A	Benign
4JKV.pdb	L412F	A	Pathogenic
4MBS.pdb	A29S	A	Benign
4MBS.pdb	A73V	A	Benign
4MBS.pdb	D95N	A	Benign
4MBS.pdb	G301V	A	Benign
4MBS.pdb	I42F	A	Benign
4MBS.pdb	L246P	A	Benign
4MBS.pdb	L55Q	A	Benign
4MBS.pdb	R31H	A	Benign
4MBS.pdb	R60S	A	Benign
4MBS.pdb	S215L	A	Benign
4MBS.pdb	T288M	A	Benign
4NEF.pdb	A147T	A	Pathogenic
4NEF.pdb	A190T	A	Pathogenic
4NEF.pdb	A47V	A	Pathogenic
4NEF.pdb	A70D	A	Pathogenic
4NEF.pdb	C181W	A	Pathogenic
4NEF.pdb	G100R	A	Pathogenic
4NEF.pdb	G100V	A	Pathogenic
4NEF.pdb	G180S	A	Pathogenic
4NEF.pdb	G64R	A	Pathogenic
4NEF.pdb	L121F	A	Benign
4NEF.pdb	L22V	A	Pathogenic
4NEF.pdb	L28P	A	Pathogenic
4NEF.pdb	N68S	A	Pathogenic
4NEF.pdb	P185A	A	Pathogenic
4NEF.pdb	Q57P	A	Pathogenic
4NEF.pdb	R187H	A	Pathogenic
4NEF.pdb	S216P	A	Pathogenic
4NEF.pdb	T108M	A	Pathogenic
4NEF.pdb	T126M	A	Pathogenic
4NEF.pdb	V168M	A	Pathogenic
4NEF.pdb	V194I	A	Benign
4NEF.pdb	V71M	A	Pathogenic
4NEF.pdb	W202C	A	Pathogenic
4OJ2.pdb	R254L	X	Pathogenic
4OJ2.pdb	R254Q	X	Pathogenic
4OR2.pdb	E741D	A	Benign
4PXZ.pdb	H187Q	A	Pathogenic
4PXZ.pdb	R265W	A	Pathogenic
4X5T.pdb	D388A	A	Pathogenic
4X5T.pdb	K276E	A	Pathogenic
4X5T.pdb	L291P	A	Pathogenic
4X5T.pdb	P230S	A	Pathogenic
4X5T.pdb	P250T	A	Pathogenic
4X5T.pdb	Q226E	A	Pathogenic
4X5T.pdb	Q266H	A	Pathogenic
4X5T.pdb	R218W	A	Pathogenic
4X5T.pdb	R252H	A	Pathogenic
4X5T.pdb	R271L	A	Pathogenic
4X5T.pdb	R271Q	A	Pathogenic
4X5T.pdb	R392H	A	Pathogenic
4X5T.pdb	V280M	A	Pathogenic
4X5T.pdb	Y279C	A	Pathogenic
4YZF.pdb	A858D	A	Pathogenic
4YZF.pdb	D705Y	A	Pathogenic
4YZF.pdb	E429D	A	Benign
4YZF.pdb	E480K	A	Benign
4YZF.pdb	E658K	A	Benign
4YZF.pdb	G455E	A	Pathogenic
4YZF.pdb	G455R	A	Pathogenic
4YZF.pdb	G609R	A	Pathogenic
4YZF.pdb	G701D	A	Pathogenic
4YZF.pdb	G714R	A	Pathogenic
4YZF.pdb	G771D	A	Pathogenic
4YZF.pdb	H834P	A	Pathogenic
4YZF.pdb	I442F	A	Benign
4YZF.pdb	I688V	A	Benign
4YZF.pdb	I783N	A	Pathogenic
4YZF.pdb	K551N	A	Benign
4YZF.pdb	L687P	A	Pathogenic
4YZF.pdb	L707P	A	Pathogenic
4YZF.pdb	M586L	A	Benign
4YZF.pdb	N569K	A	Benign
4YZF.pdb	P548L	A	Benign
4YZF.pdb	P854L	A	Benign
4YZF.pdb	P868L	A	Benign
4YZF.pdb	R432W	A	Benign
4YZF.pdb	R490C	A	Pathogenic
4YZF.pdb	R490H	A	Pathogenic
4YZF.pdb	R518C	A	Pathogenic
4YZF.pdb	R589C	A	Pathogenic
4YZF.pdb	R589H	A	Pathogenic
4YZF.pdb	R589S	A	Pathogenic
4YZF.pdb	R602P	A	Pathogenic
4YZF.pdb	R656H	A	Benign
4YZF.pdb	R760W	A	Pathogenic
4YZF.pdb	R808C	A	Pathogenic
4YZF.pdb	R808H	A	Pathogenic
4YZF.pdb	R832H	A	Benign
4YZF.pdb	R870W	A	Pathogenic
4YZF.pdb	S613F	A	Pathogenic
4YZF.pdb	S690G	A	Benign
4YZF.pdb	S731P	A	Pathogenic
4YZF.pdb	T552I	A	Benign
4YZF.pdb	T837A	A	Pathogenic
4YZF.pdb	T837M	A	Pathogenic
4YZF.pdb	T837R	A	Pathogenic
4YZF.pdb	V488M	A	Pathogenic
4YZF.pdb	V862I	A	Benign
4Z36.pdb	N77S	A	Benign
4ZJ8.pdb	G167S	A	Benign
4ZUD.pdb	A244S	A	Benign
4ZUD.pdb	C289W	A	Benign
4ZUD.pdb	L222V	A	Benign
4ZUD.pdb	T282M	A	Pathogenic
4ZW9.pdb	V85L	A	Benign
4ZWJ.pdb	A164E	A	Pathogenic
4ZWJ.pdb	A164V	A	Pathogenic
4ZWJ.pdb	A292E	A	Pathogenic
4ZWJ.pdb	C140S	A	Pathogenic
4ZWJ.pdb	C167R	A	Pathogenic
4ZWJ.pdb	C222R	A	Pathogenic
4ZWJ.pdb	D190G	A	Pathogenic
4ZWJ.pdb	D190Y	A	Pathogenic
4ZWJ.pdb	E150K	A	Pathogenic
4ZWJ.pdb	E181K	A	Pathogenic
4ZWJ.pdb	F220C	A	Pathogenic
4ZWJ.pdb	F45L	A	Pathogenic
4ZWJ.pdb	G106R	A	Pathogenic
4ZWJ.pdb	G106W	A	Pathogenic
4ZWJ.pdb	G109R	A	Pathogenic
4ZWJ.pdb	G114D	A	Pathogenic
4ZWJ.pdb	G182S	A	Pathogenic
4ZWJ.pdb	G188R	A	Pathogenic
4ZWJ.pdb	G51A	A	Benign
4ZWJ.pdb	G51R	A	Pathogenic
4ZWJ.pdb	G51V	A	Pathogenic
4ZWJ.pdb	G89D	A	Pathogenic
4ZWJ.pdb	G90D	A	Pathogenic
4ZWJ.pdb	H211P	A	Pathogenic
4ZWJ.pdb	H211R	A	Pathogenic
4ZWJ.pdb	I214N	A	Pathogenic
4ZWJ.pdb	K296E	A	Pathogenic
4ZWJ.pdb	L131P	A	Pathogenic
4ZWJ.pdb	L40R	A	Pathogenic
4ZWJ.pdb	L46R	A	Pathogenic
4ZWJ.pdb	M216K	A	Pathogenic
4ZWJ.pdb	M44T	A	Pathogenic
4ZWJ.pdb	N15S	A	Pathogenic
4ZWJ.pdb	P171L	A	Pathogenic
4ZWJ.pdb	P171Q	A	Pathogenic
4ZWJ.pdb	P180S	A	Pathogenic
4ZWJ.pdb	P23H	A	Pathogenic
4ZWJ.pdb	P23L	A	Pathogenic
4ZWJ.pdb	P267L	A	Pathogenic
4ZWJ.pdb	P267R	A	Pathogenic
4ZWJ.pdb	P53R	A	Pathogenic
4ZWJ.pdb	Q28H	A	Pathogenic
4ZWJ.pdb	R135G	A	Pathogenic
4ZWJ.pdb	R135W	A	Pathogenic
4ZWJ.pdb	S127F	A	Pathogenic
4ZWJ.pdb	S186P	A	Pathogenic
4ZWJ.pdb	S297R	A	Pathogenic
4ZWJ.pdb	T17M	A	Pathogenic
4ZWJ.pdb	T4K	A	Pathogenic
4ZWJ.pdb	T58R	A	Pathogenic
4ZWJ.pdb	V104I	A	Benign
4ZWJ.pdb	V87D	A	Pathogenic
4ZWJ.pdb	Y178C	A	Pathogenic
4ZWJ.pdb	Y178N	A	Pathogenic
4ZYO.pdb	M224L	A	Benign
5DO7.pdb	A259V	B	Benign
5DO7.pdb	E238K	B	Benign
5DO7.pdb	G574E	B	Pathogenic
5DO7.pdb	G574R	B	Pathogenic
5DO7.pdb	G575R	B	Benign
5DO7.pdb	I523V	A	Benign
5DO7.pdb	L572P	B	Pathogenic
5DO7.pdb	L596R	B	Pathogenic
5DO7.pdb	M622V	A	Benign
5DO7.pdb	N437K	A	Pathogenic
5DO7.pdb	P231T	B	Pathogenic
5DO7.pdb	Q604E	A	Benign
5DO7.pdb	R184H	B	Pathogenic
5DO7.pdb	R263Q	B	Pathogenic
5DO7.pdb	R389H	A	Pathogenic
5DO7.pdb	R405H	B	Pathogenic
5DO7.pdb	R419P	A	Pathogenic
5DO7.pdb	R543S	B	Pathogenic
5DO7.pdb	R550S	A	Pathogenic
5DO7.pdb	T400K	B	Benign
5DO7.pdb	T517S	A	Benign
5DO7.pdb	V210M	B	Benign
5DO7.pdb	V632A	B	Benign
5DO7.pdb	Y641F	B	Benign
5EQG.pdb	A155V	A	Pathogenic
5EQG.pdb	A275T	A	Pathogenic
5EQG.pdb	A405D	A	Pathogenic
5EQG.pdb	E146K	A	Pathogenic
5EQG.pdb	E243V	A	Pathogenic
5EQG.pdb	E329Q	A	Pathogenic
5EQG.pdb	G130S	A	Pathogenic
5EQG.pdb	G286D	A	Pathogenic
5EQG.pdb	G382D	A	Pathogenic
5EQG.pdb	M77T	A	Pathogenic
5EQG.pdb	M96V	A	Pathogenic
5EQG.pdb	N317T	A	Pathogenic
5EQG.pdb	N34I	A	Pathogenic
5EQG.pdb	N34S	A	Pathogenic
5EQG.pdb	N34Y	A	Pathogenic
5EQG.pdb	R126C	A	Pathogenic
5EQG.pdb	R126H	A	Pathogenic
5EQG.pdb	R126L	A	Pathogenic
5EQG.pdb	R153C	A	Pathogenic
5EQG.pdb	R153H	A	Pathogenic
5EQG.pdb	R212C	A	Pathogenic
5EQG.pdb	R212H	A	Pathogenic
5EQG.pdb	R218S	A	Pathogenic
5EQG.pdb	R223P	A	Pathogenic
5EQG.pdb	R223W	A	Pathogenic
5EQG.pdb	R232C	A	Pathogenic
5EQG.pdb	R333Q	A	Pathogenic
5EQG.pdb	R333W	A	Pathogenic
5EQG.pdb	R92W	A	Pathogenic
5EQG.pdb	R93W	A	Pathogenic
5EQG.pdb	S294P	A	Pathogenic
5EQG.pdb	S324L	A	Pathogenic
5EQG.pdb	S66F	A	Pathogenic
5EQG.pdb	S95I	A	Pathogenic
5EQG.pdb	T295M	A	Pathogenic
5EQG.pdb	T310I	A	Pathogenic
5EQG.pdb	V165I	A	Pathogenic
5ER7.pdb	A148P	A	Benign
5ER7.pdb	A197S	A	Pathogenic
5ER7.pdb	C202F	A	Pathogenic
5ER7.pdb	D159V	A	Pathogenic
5ER7.pdb	D179N	A	Pathogenic
5ER7.pdb	D46E	A	Pathogenic
5ER7.pdb	D50N	A	Pathogenic
5ER7.pdb	D50Y	A	Pathogenic
5ER7.pdb	F83L	A	Benign
5ER7.pdb	G45E	A	Benign
5ER7.pdb	G59A	A	Pathogenic
5ER7.pdb	G59S	A	Pathogenic
5ER7.pdb	I203K	A	Pathogenic
5ER7.pdb	I203T	A	Benign
5ER7.pdb	L214P	A	Pathogenic
5ER7.pdb	L79P	A	Pathogenic
5ER7.pdb	M93I	A	Pathogenic
5ER7.pdb	N54K	A	Pathogenic
5ER7.pdb	Q80K	A	Pathogenic
5ER7.pdb	R143Q	A	Pathogenic
5ER7.pdb	R143W	A	Pathogenic
5ER7.pdb	R165W	A	Benign
5ER7.pdb	R184P	A	Pathogenic
5ER7.pdb	R184Q	A	Pathogenic
5ER7.pdb	R184W	A	Pathogenic
5ER7.pdb	R32H	A	Pathogenic
5ER7.pdb	R32L	A	Benign
5ER7.pdb	R75Q	A	Pathogenic
5ER7.pdb	R75W	A	Pathogenic
5ER7.pdb	T86R	A	Pathogenic
5ER7.pdb	V153I	A	Benign
5ER7.pdb	V167M	A	Benign
5ER7.pdb	V178A	A	Pathogenic
5ER7.pdb	V27I	A	Benign
5ER7.pdb	V37I	A	Pathogenic
5ER7.pdb	V84L	A	Pathogenic
5ER7.pdb	V84M	A	Pathogenic
5ER7.pdb	V95M	A	Pathogenic
5ER7.pdb	W44S	A	Pathogenic
5ER7.pdb	W77R	A	Pathogenic
5GLI.pdb	A183G	A	Pathogenic
5GLI.pdb	F112V	A	Benign
5GLI.pdb	F292L	A	Pathogenic
5GLI.pdb	M374I	A	Pathogenic
5GLI.pdb	P383L	A	Pathogenic
5GLI.pdb	R319W	A	Pathogenic
5GLI.pdb	T244M	A	Benign
5GLI.pdb	W276C	A	Pathogenic
5HK1.pdb	E102Q	A	Pathogenic
5HK1.pdb	R211Q	A	Benign
5I31.pdb	A1035V	A	Pathogenic
5I31.pdb	A1049V	A	Benign
5I31.pdb	A1054T	A	Pathogenic
5I31.pdb	A1216V	A	Pathogenic
5I31.pdb	A745E	A	Pathogenic
5I31.pdb	A767V	A	Pathogenic
5I31.pdb	A926T	A	Pathogenic
5I31.pdb	A927V	A	Pathogenic
5I31.pdb	C1168Y	A	Pathogenic
5I31.pdb	C670W	A	Pathogenic
5I31.pdb	C956Y	A	Pathogenic
5I31.pdb	C976R	A	Pathogenic
5I31.pdb	D1097N	A	Pathogenic
5I31.pdb	D700N	A	Pathogenic
5I31.pdb	D874V	A	Pathogenic
5I31.pdb	D917Y	A	Pathogenic
5I31.pdb	D944N	A	Pathogenic
5I31.pdb	D945N	A	Pathogenic
5I31.pdb	D948H	A	Pathogenic
5I31.pdb	D948Y	A	Pathogenic
5I31.pdb	E1089K	A	Pathogenic
5I31.pdb	E1189G	A	Pathogenic
5I31.pdb	E742K	A	Pathogenic
5I31.pdb	F1087L	A	Pathogenic
5I31.pdb	F1167L	A	Pathogenic
5I31.pdb	F1224L	A	Pathogenic
5I31.pdb	F703S	A	Pathogenic
5I31.pdb	F763L	A	Pathogenic
5I31.pdb	G1034R	A	Pathogenic
5I31.pdb	G1140V	A	Pathogenic
5I31.pdb	G1236E	A	Pathogenic
5I31.pdb	G1240R	A	Pathogenic
5I31.pdb	G673V	A	Pathogenic
5I31.pdb	G910S	A	Pathogenic
5I31.pdb	I1094T	A	Pathogenic
5I31.pdb	I1220T	A	Benign
5I31.pdb	I943M	A	Pathogenic
5I31.pdb	L684F	A	Pathogenic
5I31.pdb	L695V	A	Pathogenic
5I31.pdb	L929P	A	Pathogenic
5I31.pdb	M1142T	A	Pathogenic
5I31.pdb	M631R	A	Pathogenic
5I31.pdb	M754K	A	Pathogenic
5I31.pdb	N1137I	A	Pathogenic
5I31.pdb	N1150K	A	Pathogenic
5I31.pdb	N1156I	A	Pathogenic
5I31.pdb	N1156S	A	Pathogenic
5I31.pdb	N961S	A	Pathogenic
5I31.pdb	N968S	A	Pathogenic
5I31.pdb	P888S	A	Pathogenic
5I31.pdb	Q775P	A	Pathogenic
5I31.pdb	Q928P	A	Pathogenic
5I31.pdb	R1186H	A	Pathogenic
5I31.pdb	R372W	A	Pathogenic
5I31.pdb	R789C	A	Pathogenic
5I31.pdb	R789G	A	Pathogenic
5I31.pdb	R934Q	A	Pathogenic
5I31.pdb	R958L	A	Pathogenic
5I31.pdb	R958Q	A	Pathogenic
5I31.pdb	R978C	A	Pathogenic
5I31.pdb	S666N	A	Pathogenic
5I31.pdb	S734I	A	Pathogenic
5I31.pdb	S849I	A	Pathogenic
5I31.pdb	S865L	A	Pathogenic
5I31.pdb	S940L	A	Pathogenic
5I31.pdb	S954L	A	Pathogenic
5I31.pdb	T1036K	A	Pathogenic
5I31.pdb	T1036M	A	Pathogenic
5I31.pdb	T1205K	A	Pathogenic
5I31.pdb	T1205R	A	Pathogenic
5I31.pdb	V1023G	A	Pathogenic
5I31.pdb	V1165M	A	Pathogenic
5I31.pdb	V664M	A	Pathogenic
5I31.pdb	V727F	A	Pathogenic
5I31.pdb	V757A	A	Benign
5I31.pdb	V873A	A	Benign
5I31.pdb	V889M	A	Pathogenic
5I31.pdb	V950M	A	Pathogenic
5I31.pdb	V959E	A	Pathogenic
5I31.pdb	V971G	A	Benign
5I31.pdb	W942C	A	Pathogenic
5I31.pdb	Y1088C	A	Pathogenic
5I31.pdb	Y871C	A	Pathogenic
5I31.pdb	Y890C	A	Pathogenic
5I6X.pdb	F465L	A	Benign
5I6X.pdb	I425L	A	Benign
5I6X.pdb	K201N	A	Benign
5I6X.pdb	K605N	A	Benign
5I6X.pdb	L550V	A	Benign
5IU4.pdb	A50V	A	Benign
5KXI.pdb	S254F	A	Pathogenic
5KXI.pdb	S254L	A	Pathogenic
5KXI.pdb	V262L	B	Pathogenic
5KXI.pdb	V262M	B	Pathogenic
5LEV.pdb	G192S	A	Pathogenic
5LEV.pdb	I393V	A	Benign
5LEV.pdb	L120M	A	Pathogenic
5LEV.pdb	M108I	A	Pathogenic
5LEV.pdb	V117I	A	Pathogenic
5LEV.pdb	Y170C	A	Pathogenic
5LWE.pdb	I92V	A	Benign
5LWE.pdb	M284V	A	Benign
5SYT.pdb	N265S	A	Pathogenic
5SYT.pdb	P248L	A	Pathogenic
5SYT.pdb	T137A	A	Benign
5SYT.pdb	W340R	A	Pathogenic
5T1A.pdb	L45V	A	Benign
5UEN.pdb	A43S	A	Benign
5UEN.pdb	P261Q	A	Benign
5UEN.pdb	R105H	A	Benign
5UEN.pdb	S50P	A	Benign
